{"initial_reset_timestamp": 1566277677.2580395, "timestamps": [1566277681.4614463, 1566277686.0402331, 1566277702.7598746, 1566277709.9518228, 1566277715.9809258, 1566277722.277198, 1566277728.9653046, 1566277736.7717445], "episode_lengths": [1081, 886, 843, 995, 842, 792, 764, 958], "episode_rewards": [-20.0, -21.0, -21.0, -20.0, -20.0, -21.0, -21.0, -20.0], "episode_types": ["t", "t", "t", "t", "t", "t", "t", "t", "t"]}